nycha_vendor_name,passport_supplier_id,note
UNITED CLAIM SERVICE INC.,1650522,reviewed 2026-07-25: confirmed same vendor
B.C. PAINTING CORP.,1623878,reviewed 2026-07-25: confirmed same vendor
W.W. GRAINGER  INC.,1642506,reviewed 2026-07-25: confirmed same vendor
DRAGONETTI BROTHERS LANDSCAP NURSERY & FLORIST INC.,1625224,reviewed 2026-07-25: confirmed same vendor
"C.D.E. AIR CONDITIONING CO, INC.",1625108,reviewed 2026-07-25: confirmed same vendor
REDLYN ELECTRIC CORP. DBA LOUIS SHIFFMAN ELECTRIC,1646998,reviewed 2026-07-25: confirmed same vendor
"SAMUEL LEVINE PLUMBING & HEATING, SUPPLIES INCORPORATED",1639753,reviewed 2026-07-25: confirmed same vendor
M S J  CONSTRUCTION NY INC,1792999,reviewed 2026-07-25: confirmed same vendor
WATSONS PLUMBING HEATING & BLDG SERVICES INC,1642073,reviewed 2026-07-25: confirmed same vendor
ARK SYSTEMS ELECTRIC CORP.,1621176,reviewed 2026-07-25: confirmed same vendor
"LCD ELEVATOR REPAIR, INC",1822446,reviewed 2026-07-25: confirmed same vendor
MEDRITE MEDICAL CARE PC D/B/A MEDRITE URGENT CARE PC.,1655218,reviewed 2026-07-25: confirmed same vendor
KOHN PEDERSEN FOX ASSOCIATES,1631330,reviewed 2026-07-25: confirmed same vendor
UNIVERSAL TESTING AND INSPECTION SERVICES,1640987,reviewed 2026-07-25: confirmed same vendor
"STANDARD WHOLESALE HARDWARE, INC.",1637524,reviewed 2026-07-25: confirmed same vendor
H J MURRAY & CO INC.,1642983,reviewed 2026-07-25: confirmed same vendor
"COMPLETE PACKAGING AND SHIPPING SUPPLIES, INCORPORATED",1625757,reviewed 2026-07-25: confirmed same vendor
SOBRO-South Bronx Overall Economic Development Corporation,1638611,reviewed 2026-07-25: confirmed same vendor
INTERNATIONAL ASBESTOS TESTING LABORATORIES INC-iATL,1642097,reviewed 2026-07-25: confirmed same vendor
BLUE DIAMOND NY CONSTRUCTION INC.,1657311,reviewed 2026-07-25: confirmed same vendor
"ISMAEL LEYVA ARHICTECTS, P.C.",1630174,reviewed 2026-07-25: confirmed same vendor
FIRST QUALITY MAINTENANCE LTD.,1644511,reviewed 2026-07-25: confirmed same vendor
"W.B. MASON CO., INC.",1623399,reviewed 2026-07-25: confirmed same vendor
MARLEY & DREW HEATING AND PLUMBING LLC,1961034,reviewed 2026-07-25: confirmed same vendor
CHIEF FIRE PREVENTION & MECHANICAL CORP,1624195,reviewed 2026-07-25: confirmed same vendor
MIKE'S PIPE YARD & BUILDING SUPPLY CORP,1941490,reviewed 2026-07-25: confirmed same vendor
"NEW PALACE PAINT SUPPLY CO., INC",1634143,reviewed 2026-07-25: confirmed same vendor
CSA GROUP NY ARCHITECTS & ENGINEERS PC,1642951,reviewed 2026-07-25: confirmed same vendor
"DISTINCT ENGINEERING SOLUTIONS INC., P.C.",1652358,reviewed 2026-07-25: confirmed same vendor
"ATANE ENGINEERS, ARCHITECTS & LAND SURVEYORS, D.P.C.",1626606,reviewed 2026-07-25: confirmed same vendor
CCD COMMUNITY CAPACITY DEVELOPMENT INC,1910295,reviewed 2026-07-25: confirmed same vendor
R.I.M. PLUMBING AND HEATING SUPPLY INC.,1711641,reviewed 2026-07-25: confirmed same vendor
"LIBERTY OFFICE SUPPLIES & EQUIP,",1646555,reviewed 2026-07-25: confirmed same vendor
DOCTOR POWER COOLING AND HEATING INC,1869206,reviewed 2026-07-25: confirmed same vendor
CONTROLLED COMBUSTION CO INC,1871148,reviewed 2026-07-25: confirmed same vendor
"NY PLUMBING WHOLESALE & SUPPLY, INC",1652250,reviewed 2026-07-25: confirmed same vendor
"LIRO ARCHITECTS & PLANNERS, PC",1632458,reviewed 2026-07-25: confirmed same vendor
ARCHITECTURE & ENGINEERING GRP PC,1647167,reviewed 2026-07-25: confirmed same vendor
"MJE CONTRACTING & RENOVATIONS, INC",1950903,reviewed 2026-07-25: confirmed same vendor
MILLENNIUM HEATING SERVICE & REPAIR,1918613,reviewed 2026-07-25: confirmed same vendor
"M&A METALS, INC. DBA INTERIOR METALS",1643139,reviewed 2026-07-25: confirmed same vendor
FRESH & TASTY BAKED PRODUCTS LLC,1633952,reviewed 2026-07-25: confirmed same vendor
QUADEL CONSULTING & TRAINING LLC,1908756,reviewed 2026-07-25: confirmed same vendor
SANDEEP GUNNALA ENGINEERING PLLC,1994116,reviewed 2026-07-25: confirmed same vendor
"AMERICAN PIPE AND TANK LINING CO., INC.",1622125,reviewed 2026-07-25: confirmed same vendor
LESTER SCHWAB KATZ AND DWYER LLP,1646965,reviewed 2026-07-25: confirmed same vendor
ADMIRAL CONSERVATION SERVICES II INC,1695704,reviewed 2026-07-25: confirmed same vendor
LAURIE BROWN,2020199,reviewed 2026-07-25: confirmed same vendor
ALMSTEAD TREE AND SHRUB CARE COMPANY,1630827,reviewed 2026-07-25: confirmed same vendor
RAZIQ CONSTRUCTION INC,1653631,reviewed 2026-07-25: confirmed same vendor
BENFIELD ELECTRIC SUPPLY CORP.,1668773,reviewed 2026-07-25: confirmed same vendor
"ARGENTO & SONS, INC.",1668689,reviewed 2026-07-25: confirmed same vendor
SOFTWARE INFORMATION RESOURCE CORP (SIRC),1871073,reviewed 2026-07-25: confirmed same vendor
"ALLSTATE GASKET AND PACKING, INC.",1621663,reviewed 2026-07-25: confirmed same vendor
GOLDFARB & GOLDBARB DBA/VARSITY MENS SHOP,1622627,reviewed 2026-07-25: confirmed same vendor
"KONICA MINOLTA BUSINESS SOLUTIONS U.S.A., INC.",1632829,reviewed 2026-07-25: confirmed same vendor
EASTERN PLUMBING & MECH CONTRACTING,1627606,reviewed 2026-07-25: confirmed same vendor
DELL MARKETING L.P.,1882638,reviewed 2026-07-25: confirmed same vendor
CSB CONSTRUCTION NY CORP,2059081,reviewed 2026-07-25: confirmed same vendor
EXPRESS BUILDERS CORP,1977878,reviewed 2026-07-25: confirmed same vendor
"NV5 NEW YORK - ENGINEERS, ARCHITECTS, LANDSCAPE ARCHITECTS AND SURVERYORS",1639924,reviewed 2026-07-25: confirmed same vendor
GANNETT FLEMING ENGINEERS AND ARCHITECTS,1642143,reviewed 2026-07-25: confirmed same vendor
"CAMERON ENGINEERING & ASSOCIATES, LLP",1626659,reviewed 2026-07-25: confirmed same vendor
AMA JANITORIAL SUPPLY INC.,1744142,reviewed 2026-07-25: confirmed same vendor
"ROSEWOOD FIRE EQUIPMENT CO., INC.",1647650,reviewed 2026-07-25: confirmed same vendor
ATLAS ENVIRONMENTAL GROUP,1655268,reviewed 2026-07-25: confirmed same vendor
INNOVATIVE CONSTRUCTION & MGMT. CO. INC,1648673,reviewed 2026-07-25: confirmed same vendor
"FLEET PUMP AND SERVICE GROUP, INC",1629418,reviewed 2026-07-25: confirmed same vendor
DESIGN BUILD INSTITUTE OF AMERICA (DBIA),1683277,reviewed 2026-07-25: confirmed same vendor
U.S.A. EXTERMINATORS & PEST CONTROL INC.,1916099,reviewed 2026-07-25: confirmed same vendor
SALSA CATERERS & SPECIAL EVENTS,1671954,reviewed 2026-07-25: confirmed same vendor
WEINTRAUB DIAZ LANDSCAPE ARCHITECT,1656947,reviewed 2026-07-25: confirmed same vendor
"CUSHMAN & WAKEFIELD, INC",1624715,reviewed 2026-07-25: confirmed same vendor
NEW YORK SPORTS UNITED BENEVOLENT ALLIANCE INC,1673782,reviewed 2026-07-25: confirmed same vendor
BLUE LABEL CONSTRUCTION CORP,1903337,reviewed 2026-07-25: confirmed same vendor
ADL TRANSCRIPTION SVC INC,1842521,reviewed 2026-07-25: confirmed same vendor
NEW ANGEL CONSTRUCTION CORP,1656101,reviewed 2026-07-25: confirmed same vendor
GRANT INTL CO INC DBA/GRANT ELECTRICAL SUPPLY,1665063,reviewed 2026-07-25: confirmed same vendor
"FOUNDATION FOR THE ADVANCEMENT AND REHABILITATION OF THE MARGINALIZED, FARM",1844311,reviewed 2026-07-25: confirmed same vendor
ISLAND PUMP & TANK CORP,1652189,reviewed 2026-07-25: confirmed same vendor
"SCHOEMAN, UPDIKE & KAUFMAN, LLP",1667887,reviewed 2026-07-25: confirmed same vendor
PUNJAB BUILDERS CRP,1946195,reviewed 2026-07-25: confirmed same vendor
KARP ASSOCIATES INC,1888183,reviewed 2026-07-25: confirmed same vendor
NEW YORK REPLACEMENT PARTS CORP.-CV2430,1646797,reviewed 2026-07-25: confirmed same vendor
POWER-FLO TECHNOLOGIES INC. D/B/A,1635006,reviewed 2026-07-25: confirmed same vendor
"CITY VIEW BLINDS OF NEW YORK, INC.",1623528,reviewed 2026-07-25: confirmed same vendor
"CAMPBELL'S PROFESSIONAL SERVICES, LLC",1912307,reviewed 2026-07-25: confirmed same vendor
SOUTHEAST BRONX NEIGHBORHOOD,1638486,reviewed 2026-07-25: confirmed same vendor
DUN & BRADSTREET INC,1625795,reviewed 2026-07-25: confirmed same vendor
"EPIC MANAGEMENT OF NY, LLC",1654585,reviewed 2026-07-25: confirmed same vendor
ALAN MARGOLIN & ASSOCIATES CONSULTING ENGINEERS,1847815,reviewed 2026-07-25: confirmed same vendor
SENTINEL DIVERSIFIED INDUSTRIES INC,1646413,reviewed 2026-07-25: confirmed same vendor
"HERZFELD & RUBIN, P.C.",1646951,reviewed 2026-07-25: confirmed same vendor
OVE ARUP & PARTENERS P.C.,1635231,reviewed 2026-07-25: confirmed same vendor
DHILLON CONSTRUCTION OF NY CORP,2077906,reviewed 2026-07-25: confirmed same vendor
HENRY QUENTZEL PLUMBING,1629599,reviewed 2026-07-25: confirmed same vendor
GEORGE S HALL INC,1635504,reviewed 2026-07-25: confirmed same vendor
JACKSON LEWIS LLP,1653520,reviewed 2026-07-25: confirmed same vendor
DAVID GRIBBEN,2038051,reviewed 2026-07-25: confirmed same vendor
N.Y.S. INDUSTRIES FOR THE DISABLED,1633772,reviewed 2026-07-25: confirmed same vendor
TRANSEL ELEVATOR & ELECTRIC INC DBA/TEI GROUP,1639218,reviewed 2026-07-25: confirmed same vendor
CENTRAL BROOKLYN ECONOMIC DEVELOPMENT CORPORATION,1624038,reviewed 2026-07-25: confirmed same vendor
B2 CONSTRUCTION CORP,-,reviewed 2026-07-25: NOT USA 2 CONSTRUCTION INC (#1654536)
DF CONTRACTING INC,-,reviewed 2026-07-25: NOT MDF CONTRACTING CORP (#1653466)
PK CONSTRUCTION SERVICES INC,-,reviewed 2026-07-25: NOT KD Construction Services Inc (#2055257)
SAM'S TECHNICAL SERVICES INC.,-,reviewed 2026-07-25: NOT SLAM Technical Services LLC (#2030654)
"CASA BUILDING MATERIALS, INC.",-,reviewed 2026-07-25: NOT ASIA BUILDING MATERIALS INC (#1737557)
ASR OFFICE SOLUTIONS CORP,-,reviewed 2026-07-25: NOT SRA OFFICE SOLUTIONS LLC (#1971563)
MJ ENGINEERING AND LAND SURVEYING PC,-,reviewed 2026-07-25: NOT KC ENGINEERING AND LAND SURVEYING PC (#1631290)
BK B CONSTRUCTION CORP,-,reviewed 2026-07-25: NOT JB & B CONSTRUCTION CORP (#1847315)
"R.S.N. CONSTRUCTION CO., INC.",-,reviewed 2026-07-25: NOT R & S CONSTRUCTION CORP (#1804064)
AKRO GENERAL CONTRACTING INC.,-,reviewed 2026-07-25: NOT ARGOS GENERAL CONTRACTING CORP (#2082122)
OM CONSTRUCTION CORP,-,reviewed 2026-07-25: NOT SOMY CONSTRUCTION CORP (#1954720)
J S CONSTRUCTION COMPANY,-,reviewed 2026-07-25: NOT J & N Construction Group Corp (#1653628)
PK CONSTRUCTION GROUP INC.,-,reviewed 2026-07-25: NOT GK GROUP CONSTRUCTION CORP (#1919746)
USA #1 CONSTRUCTION CORP.,-,reviewed 2026-07-25: NOT 718 construction group inc (#2035470)
OM#1 CONSTRUCTION CORPORATION,-,reviewed 2026-07-25: NOT Romo Construction Corporation (#2010998)
TRC ENVIRONMENTAL CORPORATION,-,reviewed 2026-07-25: NOT PAR ENVIRONMENTAL CORPORATION (#1635783)
COLONIAL HARDWARE CORPORATION,-,reviewed 2026-07-25: NOT COLONY HARDWARE CORPORATION (#1656925)
LI RESTORATION INC,-,reviewed 2026-07-25: NOT GL Restoration Corp (#1887400)
MSC INDUSTRIAL SUPPLY,-,"reviewed 2026-07-25: NOT BC Industrial Supply, Inc. (#2038376)"
AIRES ELECTRICAL CONTRACTING CORP.,-,reviewed 2026-07-25: NOT ASR ELECTRICAL CONTRACTING INC (#1621990)
GROUP CONSTRUCTION CORP,-,reviewed 2026-07-25: NOT USA 2 CONSTRUCTION INC (#1654536)
KS HARRY CONSTRUCTION CORP,-,reviewed 2026-07-25: NOT Harry Construction Group Corp. (#1657382)
SB REMODELING CORP.,-,reviewed 2026-07-25: NOT SR REMODELING CORP (#1904780)
KP RENOVATION INC,-,reviewed 2026-07-25: NOT GK RENOVATION INC (#2026400)
BERNARDO'S PLUMBING & HEATING,-,reviewed 2026-07-25: NOT GERARD'S PLUMBING & HEATING CORP (#1629223)
A & B CONSTRUCTION NY CORP,-,reviewed 2026-07-25: NOT A. Construction N.Y. Inc (#1921641)
JP NIXON CONSULTING LLC,-,reviewed 2026-07-25: NOT D Nixon Consulting LLC (#2082719)
A.B.C.D CONSTRUCTION CORP.,-,reviewed 2026-07-25: NOT ABCD CONSTRUCTION CORP (#1620967)
INDUSTRIAL SAFETY LLC,-,reviewed 2026-07-25: NOT CG INDUSTRIAL SAFETY INC (#1647022)
CMS ELECTRICAL SERVICES INC.,-,reviewed 2026-07-25: NOT CPL ELECTRICAL SERVICES CORP (#1892889)
GSK BUILDERS INC,-,reviewed 2026-07-25: NOT G BUILDERS LLC (#1760339)
"AMA CONSULTING ENGINEERS, P.C.",-,reviewed 2026-07-25: NOT OLA CONSULTING ENGINEERS PC (#1633999)
INDER HOME IMPROVEMENT INC.,-,reviewed 2026-07-25: NOT THIND HOME IMPROVEMENT INC (#1952616)
ACE JANITORIAL SUPPLY CO. INC,-,reviewed 2026-07-25: NOT Force Janitorial Supply Inc. (#2035798)
C COMPANY BUILDERS INC,-,reviewed 2026-07-25: NOT CCC BUILDERS GROUP (#1942647)
ALC ENVIRONMENTAL INCORPORATED,-,reviewed 2026-07-25: NOT CR ENVIRONMENTAL INC (#1646020)
"HARPER CONTROL SOLUTIONS, INC",-,reviewed 2026-07-25: NOT HR CONTROL SOLUTIONS LLC (#1907518)
GRANT ELECTRICAL SUPPLY,-,reviewed 2026-07-25: NOT A ELECTRICAL SUPPLY CORP (#2010471)
CAP EQUIPMENT LEASING CORP.,-,reviewed 2026-07-25: NOT C&G EQUIPMENT LEASING LLC (#1621611)
H&L INDUSTRIAL SUPPLY CORP,-,reviewed 2026-07-25: NOT JHP  INDUSTRIAL  SUPPLY COMPANY  INC (#1743883)
MTA DISTRIBUTORS,-,reviewed 2026-07-25: NOT IT DISTRIBUTORS INC (#1646523)
GLOBE ELECTRIC SUPPLY COMPANY,-,"reviewed 2026-07-25: NOT L B ELECTRIC SUPPLY CO., INC. (#1661412)"
GLOBE ELECTRIC SUPPLY CO,-,"reviewed 2026-07-25: NOT L B ELECTRIC SUPPLY CO., INC. (#1661412)"
N & W ELECTRICAL SUPPLY INC,-,reviewed 2026-07-25: NOT A ELECTRICAL SUPPLY CORP (#2010471)
ICAS ELECTRICAL SERVICES INC,-,reviewed 2026-07-25: NOT EVANS ELECTRICAL SERVICES INC (#1935313)
S & H BROTHERS CONSTRUCTION INC,-,reviewed 2026-07-25: NOT AR BROTHERS CONSTRUCTION CORP (#1622121)
"SAI SYSTEMS INTERNATIONAL, INC",-,reviewed 2026-07-25: NOT PP SYSTEMS INTERNATIONAL INC (#1656919)
"SAFETY ENVIRONMENTAL COMPANY OF NY,  INC.",-,reviewed 2026-07-25: NOT SAFETY ENVIRONMENTAL COMPANY OF NEW YORK INC (#1637830)
SG TECHNOLOGY GROUP,-,reviewed 2026-07-25: NOT SINGH TECHNOLOGY GROUP LLC (#1896736)
ASTRO REMODELING INC.,-,reviewed 2026-07-25: NOT SR REMODELING CORP (#1904780)
VIR RESTORATION INC.,-,reviewed 2026-07-25: NOT MR Restoration Corp (#2008751)
HPL CONTRACTORS INC,-,reviewed 2026-07-25: NOT HD CONTRACTORS CORP (#2022646)
INDUSTRIAL ELECTRIC SUPPLY CORP,-,reviewed 2026-07-25: NOT R&V INDUSTRIAL ELECTRICAL SUPPLY LLC (#2003834)
JS BUILDERS NY CORP,-,reviewed 2026-07-25: NOT A.S. Builders NY Inc. (#2031806)
A-1 FIRST CLASS MOVING/STORAGE,-,reviewed 2026-07-25: NOT A-1 FIRST CLASS VIKING MOVING & STORAGE INC. (#1641641)
Z-TECH CONTRACTING LLC,-,reviewed 2026-07-25: NOT NEW TECH CONTRACTING CORP (#1902070)
"G&G ELECTRIC SUPPLY CO., INC.",-,"reviewed 2026-07-25: NOT L B ELECTRIC SUPPLY CO., INC. (#1661412)"
FM OFFICE ENVIRONMENTS,-,reviewed 2026-07-25: NOT IMAGE OFFICE ENVIRONMENTS LLC (#1754864)
NY SECURITY CONSULTANTS,-,reviewed 2026-07-25: NOT SJR Security Consultants LLC (#1834975)
JD BUILDERS & CONTRACTORS CORP,-,reviewed 2026-07-25: NOT A S BUILDERS & CONTRACTORS INC (#2031296)
A-LINE ELECTRICAL SUPPLY INC.,-,reviewed 2026-07-25: NOT ANGLE ELECTRICAL SUPPLY CORP (#2017469)
SDL GLOBAL SOLUTIONS,-,reviewed 2026-07-25: NOT GLOBAL SOLUTIONS GROUP INC (#1971651)
GTM RENOVATION INC,-,reviewed 2026-07-25: NOT GK RENOVATION INC (#2026400)
SAI REMODELING INC,-,reviewed 2026-07-25: NOT SR REMODELING CORP (#1904780)
AMERICAN PLANNING ASSOCIATION,-,reviewed 2026-07-25: NOT AMERICAN LUNG ASSOCIATION (#1886977)
S & E BUILDING MATERIALS CO INC,-,reviewed 2026-07-25: NOT ASIA BUILDING MATERIALS INC (#1737557)
OFFICE EQUIPMENT CO.,-,reviewed 2026-07-25: NOT B & F OFFICE EQUIPMENT CO. INC (#1633395)
PALACE PLUMBING SUPPLY,-,reviewed 2026-07-25: NOT Pauls Plumbing Supply Inc (#2055752)
COASTAL PLUMBING SUPPLY INC,-,reviewed 2026-07-25: NOT STAT PLUMBING SUPPLY INC (#1646419)
SCAN TECH SERVICES CORP,-,reviewed 2026-07-25: NOT at tech services inc (#1955389)
"AVI MOVING & TRUCKING, INC.",-,reviewed 2026-07-25: NOT MOVING & TRUCKING INC (#2023092)
PARDUS ENVIRONMENTAL CONSULTING LTD,-,reviewed 2026-07-25: NOT BAY ENVIRONMENTAL CONSULTING LLC (#1869272)
O.S. ELEVATOR INC,-,reviewed 2026-07-25: NOT OTIS ELEVATOR COMPANY (#1634966)
PRIME ELECTRIC CORP.,-,reviewed 2026-07-25: NOT RM ELECTRIC CO INC (#1750570)
ONSET COMPUTER CORPORATION,-,reviewed 2026-07-25: NOT RMS COMPUTER CORPORATION (#1638336)
MEDIA PARTNERS CORPORATION,-,reviewed 2026-07-25: NOT SND PARTNERS CORPORATION (#1655363)
SMART SOURCE TECHNOLOGIES INC,-,reviewed 2026-07-25: NOT RIGHT SOURCE TECHNOLOGIES INC (#1969773)
CONSTRUCTION MANAGEMENT ASSOCIATION OF AMERICA,-,reviewed 2026-07-25: NOT CONSTRUCTION MANAGEMENT ASSOC. OF AMERICA (CMAA) (#1687422)
TOTAL FIRE PROTECTION,-,reviewed 2026-07-25: NOT TYCO FIRE PROTECTION LLC (#1652600)
AQUA PLUMBING SUPPLY CORP.,-,reviewed 2026-07-25: NOT Pauls Plumbing Supply Inc (#2055752)
A & M INDUSTRIAL SUPPLY CO,-,"reviewed 2026-07-25: NOT BC Industrial Supply, Inc. (#2038376)"
"MIDLAND ELECTRICAL CONTRACTING, CORP",-,reviewed 2026-07-25: NOT ANCO ELECTRICAL CONTRACTING INC (#1656359)
ELECTRICAL MOTOR REPAIR COMPANY,-,reviewed 2026-07-25: NOT B G Electric Motor Repair (#1973026)
ALM MEDIA LLC,-,reviewed 2026-07-25: NOT M MEDIA LLC (#1794346)
MONTI UNITED CONSTRUCTION INC.,-,reviewed 2026-07-25: NOT J&N UNITED CONSTRUCTION INC (#1978232)
KAMCO SUPPLY CORPORATION,-,reviewed 2026-07-25: NOT CROWN SUPPLY CORPORATION (#1830265)
KHAIRA & SONS CONSTRUCTION INC.,-,reviewed 2026-07-25: NOT Matias Sons Construction LLC (#2042967)
"G. D. T. ASSOCIATES, INC.",-,reviewed 2026-07-25: NOT G.C.A. ASSOCIATES CORP. (#1692043)
S.A.C. RESTORATION INC.,-,reviewed 2026-07-25: NOT NSC RESTORATION INC (#1979252)
"MP ENGINEERS, P.C.",-,reviewed 2026-07-25: NOT KS ENGINEERS P C (#1630606)
COMMERCIAL COOLING SERVICES INC.,-,reviewed 2026-07-25: NOT Commercial Plumbing Services LLC (#1822542)
"GLOBAL INDUSTRIES, INC.",-,reviewed 2026-07-25: NOT GLOBAL FOOD INDUSTRIES LLC (#1889713)
WATTERS PLUMBING SUPPLY CORP,-,reviewed 2026-07-25: NOT WEBSTER PLUMBING SUPPLY (#1669345)
"DJ PRODUCTS, INC",-,reviewed 2026-07-25: NOT RJT Products LLC (#1846506)
A&N LIGHTING COMPANY,-,reviewed 2026-07-25: NOT NY Lighting Group Inc (#1994829)
"A-V SERVICES, INC",-,reviewed 2026-07-25: NOT Vp services group inc (#1887806)
GOGREEN MAINTENANCE SOLUTIONS LLC,-,reviewed 2026-07-25: NOT NY Maintenance Solutions LLC (#1993900)
SPECIALTY CONSTRUCTION SUPPLY LLC,-,reviewed 2026-07-25: NOT DECA  CONSTRUCTION SUPPLY INC (#1648697)
CENTRAL PLUMBING SPECIALTIES CO INC,-,reviewed 2026-07-25: NOT BEST PLUMBING SPECIALTIES INC (#1662137)
PHOENIX ENVIRONMENTAL LABORATORIES INC,-,reviewed 2026-07-25: NOT ENVIRONMENTAL LABORATORIES INC (#1628187)
RCL ENTERPRISES,-,reviewed 2026-07-25: NOT L&Y ENTERPRISES LLC (#1933335)
SHER RESTORATION CORP,-,reviewed 2026-07-25: NOT 3H RESTORATION INC (#1955458)
TITAN RENOVATION INC,-,reviewed 2026-07-25: NOT I & A RENOVATION INC (#1900040)
C.E. ELECTRONICS INC.,-,reviewed 2026-07-25: NOT BEE ELECTRONICS INC (#1679770)
UNITED LAWYERS SERVICES INC.,-,"reviewed 2026-07-25: NOT United Sales & Services, Inc. (#1896353)"
"EASTCO BUILDING SERVICES, INC.",-,reviewed 2026-07-25: NOT EE BUILDING SERVICES INC (#1975731)
MANAGEMENT CONCEPTS INC,-,"reviewed 2026-07-25: NOT Labor Management Concepts, INC. (#1875315)"
"EMPIRE CITY CONSTRUCTION, INC.",-,reviewed 2026-07-25: NOT My City Construction Corp (#1950425)
"MOTION CONTROL ENGINEERING, INC.",-,reviewed 2026-07-25: NOT NOISE CONTROL ENGINEERING LLC (#1831870)
HD SUPPLY CONSTRUCTION LTD,-,"reviewed 2026-07-25: NOT HD Supply Construction Supply Group, Inc. (#1903333)"
LAW OFFICES SUZANNE M CARTER LLC,1835489,reviewed 2026-07-25: confirmed same vendor (owner-approved)
